{
	"info": {
		"_postman_id": "e8467531-a8ef-403f-b968-c9b6b40463d8",
		"name": "YTS APIS",
		"schema": "https://schema.getpostman.com/json/collection/v2.1.0/collection.json"
	},
	"item": [
		{
			"name": "list_movies",
			"request": {
				"method": "GET",
				"header": [],
				"url": {
					"raw": "https://yts.mx/api/v2/list_movies.json",
					"protocol": "https",
					"host": [
						"yts",
						"mx"
					],
					"path": [
						"api",
						"v2",
						"list_movies.json"
					]
				}
			},
			"response": []
		},
		{
			"name": "movie_parental_guides",
			"request": {
				"method": "GET",
				"header": [],
				"url": {
					"raw": "https://yts.mx/api/v2/movie_parental_guides.json?movie_id=32408",
					"protocol": "https",
					"host": [
						"yts",
						"mx"
					],
					"path": [
						"api",
						"v2",
						"movie_parental_guides.json"
					],
					"query": [
						{
							"key": "movie_id",
							"value": "32408"
						}
					]
				}
			},
			"response": []
		},
		{
			"name": "movie_suggestions",
			"request": {
				"method": "GET",
				"header": [],
				"url": {
					"raw": "https://yts.mx/api/v2/movie_suggestions.json?movie_id=32408",
					"protocol": "https",
					"host": [
						"yts",
						"mx"
					],
					"path": [
						"api",
						"v2",
						"movie_suggestions.json"
					],
					"query": [
						{
							"key": "movie_id",
							"value": "32408"
						}
					]
				}
			},
			"response": []
		},
		{
			"name": "movie_details",
			"request": {
				"method": "GET",
				"header": [],
				"url": {
					"raw": "https://yts.mx/api/v2/movie_details.json?movie_id=32408",
					"protocol": "https",
					"host": [
						"yts",
						"mx"
					],
					"path": [
						"api",
						"v2",
						"movie_details.json"
					],
					"query": [
						{
							"key": "movie_id",
							"value": "32408"
						}
					]
				}
			},
			"response": []
		}
	]
}